title,url,slug,markdown,raw_html,line_count,link_count,image_count,embed_count
National Parks Webcams,https://www.nationalparkcam.com/national-park-webcam-home,national-park-webcam-home,pages/national-park-webcam-home.md,raw/national-park-webcam-home.html,28,48,7,2
Acadia National Park Live Webcams,https://www.nationalparkcam.com/acadia-webcam,acadia-webcam,pages/acadia-webcam.md,raw/acadia-webcam.html,49,53,2,9
Arches Entrance Station.,https://www.nationalparkcam.com/arches-webcam,arches-webcam,pages/arches-webcam.md,raw/arches-webcam.html,31,50,2,7
View from Panther Juntion,https://www.nationalparkcam.com/big-bend-webcam,big-bend-webcam,pages/big-bend-webcam.md,raw/big-bend-webcam.html,39,57,2,4
Black Canyon of the Gunnison National Park Live Webcams,https://www.nationalparkcam.com/black-canyon-of-the-gunnison-webcam,black-canyon-of-the-gunnison-webcam,pages/black-canyon-of-the-gunnison-webcam.md,raw/black-canyon-of-the-gunnison-webcam.html,31,48,2,5
Bryce Canyon National Park Live Webcams,https://www.nationalparkcam.com/bryce-canyon-webcam,bryce-canyon-webcam,pages/bryce-canyon-webcam.md,raw/bryce-canyon-webcam.html,46,66,2,5
Channel Islands National Park Live Webcams,https://www.nationalparkcam.com/channel-islands-webcam,channel-islands-webcam,pages/channel-islands-webcam.md,raw/channel-islands-webcam.html,30,45,3,9
Colorado National Monument Live Webcam,https://www.nationalparkcam.com/colorado-national-monument-webcam,colorado-national-monument-webcam,pages/colorado-national-monument-webcam.md,raw/colorado-national-monument-webcam.html,43,9,0,1
Crater Lake National Park Live Webcams,https://www.nationalparkcam.com/crater-lake-webcam,crater-lake-webcam,pages/crater-lake-webcam.md,raw/crater-lake-webcam.html,48,51,2,6
Denali National Park Live Webcams,https://www.nationalparkcam.com/denali-webcam,denali-webcam,pages/denali-webcam.md,raw/denali-webcam.html,45,47,2,7
Dinosaur National Monument Live Webcams,https://www.nationalparkcam.com/dinosaur-national-monument-webcam,dinosaur-national-monument-webcam,pages/dinosaur-national-monument-webcam.md,raw/dinosaur-national-monument-webcam.html,65,11,0,1
Everglades National Park Live Webcams,https://www.nationalparkcam.com/everglades-webcam,everglades-webcam,pages/everglades-webcam.md,raw/everglades-webcam.html,33,52,2,4
Florissant Fossil Beds National Monument Live Webcam,https://www.nationalparkcam.com/florissant-fossil-beds-national-monument-webcam,florissant-fossil-beds-national-monument-webcam,pages/florissant-fossil-beds-national-monument-webcam.md,raw/florissant-fossil-beds-national-monument-webcam.html,57,9,0,1
Glacier Bay National Park Liv e Webcams,https://www.nationalparkcam.com/glacier-bay-webcam,glacier-bay-webcam,pages/glacier-bay-webcam.md,raw/glacier-bay-webcam.html,34,46,2,7
Glacie r National Park Live Webcams,https://www.nationalparkcam.com/glacier-webcam,glacier-webcam,pages/glacier-webcam.md,raw/glacier-webcam.html,88,77,5,17
Grand Canyon-Parashant National Monument Live Webcams,https://www.nationalparkcam.com/grand-canyon-parashant-national-monument-webcam,grand-canyon-parashant-national-monument-webcam,pages/grand-canyon-parashant-national-monument-webcam.md,raw/grand-canyon-parashant-national-monument-webcam.html,75,12,0,14
G rand Canyon National Park Live Webcams,https://www.nationalparkcam.com/grand-canyon-webcam,grand-canyon-webcam,pages/grand-canyon-webcam.md,raw/grand-canyon-webcam.html,65,71,2,9
Grand Teton National Park Live Webcams,https://www.nationalparkcam.com/grand-tetons-webcam,grand-tetons-webcam,pages/grand-tetons-webcam.md,raw/grand-tetons-webcam.html,63,76,2,9
Gr eat Smoky Mountains National Park Live Webcams,https://www.nationalparkcam.com/great-smoky-mountains-webcam,great-smoky-mountains-webcam,pages/great-smoky-mountains-webcam.md,raw/great-smoky-mountains-webcam.html,50,58,2,9
G uadalupe Mountains National Park Live Webcams,https://www.nationalparkcam.com/guadalupe-mountains-webcam,guadalupe-mountains-webcam,pages/guadalupe-mountains-webcam.md,raw/guadalupe-mountains-webcam.html,27,51,2,6
Haleakala National Park Live Webcams,https://www.nationalparkcam.com/haleakala-webcam,haleakala-webcam,pages/haleakala-webcam.md,raw/haleakala-webcam.html,37,50,2,4
H awaii Volcanoes National Park Live Webcams,https://www.nationalparkcam.com/hawaii-volcanoes-webcam,hawaii-volcanoes-webcam,pages/hawaii-volcanoes-webcam.md,raw/hawaii-volcanoes-webcam.html,82,74,2,23
Isle Royale National Park Live Webcams,https://www.nationalparkcam.com/isle-royale-national-park-webcam,isle-royale-national-park-webcam,pages/isle-royale-national-park-webcam.md,raw/isle-royale-national-park-webcam.html,54,60,2,12
John Day Fossil Beds National Monument Live Webcams,https://www.nationalparkcam.com/john-day-fossil-beds-national-monument-webcam,john-day-fossil-beds-national-monument-webcam,pages/john-day-fossil-beds-national-monument-webcam.md,raw/john-day-fossil-beds-national-monument-webcam.html,66,12,0,3
Joshua Tree National Park Live Webcams,https://www.nationalparkcam.com/joshua-tree-webcam,joshua-tree-webcam,pages/joshua-tree-webcam.md,raw/joshua-tree-webcam.html,45,57,2,4
Katmai National Park Live Webcams,https://www.nationalparkcam.com/katmai-webcam,katmai-webcam,pages/katmai-webcam.md,raw/katmai-webcam.html,50,49,2,11
Sequoia and Kings Canyon National Park Live Webcams,https://www.nationalparkcam.com/kings-canyon-webcam,kings-canyon-webcam,pages/kings-canyon-webcam.md,raw/kings-canyon-webcam.html,53,66,2,4
Lassen Volcano National Park Live Webcams,https://www.nationalparkcam.com/lassen-volcano-webcam,lassen-volcano-webcam,pages/lassen-volcano-webcam.md,raw/lassen-volcano-webcam.html,41,61,2,4
Mammoth Cave National Park Live Webcams,https://www.nationalparkcam.com/mammoth-cave-webcam,mammoth-cave-webcam,pages/mammoth-cave-webcam.md,raw/mammoth-cave-webcam.html,35,56,2,4
Mount Rainier National Park Live Webcams,https://www.nationalparkcam.com/mount-rainier-webcam,mount-rainier-webcam,pages/mount-rainier-webcam.md,raw/mount-rainier-webcam.html,65,63,2,15
New River Gorge National Park Live Webcams,https://www.nationalparkcam.com/new-river-gorge-webcam,new-river-gorge-webcam,pages/new-river-gorge-webcam.md,raw/new-river-gorge-webcam.html,44,61,2,4
North Cascades National Park Live Webcams,https://www.nationalparkcam.com/north-cascades-webcam,north-cascades-webcam,pages/north-cascades-webcam.md,raw/north-cascades-webcam.html,36,58,2,4
Olympic National Park Live Webcams,https://www.nationalparkcam.com/olympic-webcam,olympic-webcam,pages/olympic-webcam.md,raw/olympic-webcam.html,63,59,2,9
Petrified Forest National Park Live Webcams,https://www.nationalparkcam.com/petrified-forest-webcam,petrified-forest-webcam,pages/petrified-forest-webcam.md,raw/petrified-forest-webcam.html,23,43,2,4
Redwood National Park Live Webcams,https://www.nationalparkcam.com/redwood-national-park,redwood-national-park,pages/redwood-national-park.md,raw/redwood-national-park.html,28,51,3,6
Rocky Mountain National Park Live Webcams,https://www.nationalparkcam.com/rocky-mountain-webcam,rocky-mountain-webcam,pages/rocky-mountain-webcam.md,raw/rocky-mountain-webcam.html,51,53,2,10
Shenandoah National Park Live Webcams,https://www.nationalparkcam.com/shenandoah-webcam,shenandoah-webcam,pages/shenandoah-webcam.md,raw/shenandoah-webcam.html,57,70,2,5
Theodore Roosevelt National Park Live Webcams,https://www.nationalparkcam.com/theodore-roosevelt-webcam,theodore-roosevelt-webcam,pages/theodore-roosevelt-webcam.md,raw/theodore-roosevelt-webcam.html,35,53,2,4
Virgin Islands National Park Live Webcams,https://www.nationalparkcam.com/virgin-islands-webcam,virgin-islands-webcam,pages/virgin-islands-webcam.md,raw/virgin-islands-webcam.html,25,45,2,4
Wrangell-St. Elias National Park Live Webcams,https://www.nationalparkcam.com/wrangell-st-elias-webcam,wrangell-st-elias-webcam,pages/wrangell-st-elias-webcam.md,raw/wrangell-st-elias-webcam.html,44,64,2,6
Yellowstone National Park Live Webcams,https://www.nationalparkcam.com/yellowstone-webcam,yellowstone-webcam,pages/yellowstone-webcam.md,raw/yellowstone-webcam.html,57,72,3,15
Y osemite National Park Live Webcams,https://www.nationalparkcam.com/yosemite-webcam,yosemite-webcam,pages/yosemite-webcam.md,raw/yosemite-webcam.html,69,73,2,11
Zion National Park Live Webcams,https://www.nationalparkcam.com/zion-webcam,zion-webcam,pages/zion-webcam.md,raw/zion-webcam.html,28,53,2,4
