slug,provider,title,kind,url,page_url,status,description
acadia-webcam,CAMNET,Acadia National Park,image,https://hazecam.net/images/main/acadia_left.jpg,https://hazecam.net/camsite.aspx?site=acadia,Active,Current Acadia National Park air quality camera image from CAMNET.
acadia-webcam,National Park Service,Jordan Pond Webcam,image,https://barharborcam.com/webcams/jordanpond/jordanpond.jpg,https://www.nps.gov/media/webcam/view.htm?id=A483238F-BAE9-C9E2-BE362FE8240C5E7F&r=%2Facad%2Flearn%2Fphotosmultimedia%2Fwebcams.htm,Active,"Hosted in partnership with Dawnland LLC, which operates Jordan Pond House."
acadia-webcam,Hazecam,Schoodic Peninsula Webcam,image,https://hazecam.net/images/large/acadia_right.jpg,https://hazecam.net/,Active,View from the Schoodic Peninsula area of Acadia National Park.
arches-webcam,National Park Service,Entrance Station Webcam,image,https://www.nps.gov/webcams-arch/arch_traffic.jpg,https://www.nps.gov/media/webcam/view.htm?id=81B46BDB-1DD8-B71B-0B250E8F4CC1E74A&r=/arch/learn/photosmultimedia/webcams.htm,Active,View the entrance road as seen from the Arches Entrance Station. This view looks toward US 191.
arches-webcam,National Park Service,UDOT Traffic Camera,image,https://udottraffic.utah.gov/1_devices/aux16852.jpeg,https://www.nps.gov/media/webcam/view.htm?id=81B46BCF-1DD8-B71B-0B91099975A047A5&r=/arch/learn/photosmultimedia/webcams.htm,Active,This webcam is maintained by the Utah Department of Transportation. It is located across US 191 from the Arches National Park entrance road.
big-bend-webcam,National Park Service,Live View From Panther Junction,image,https://www.nps.gov/featurecontent/ard/webcams/images/bibelarge.jpg?1661979054980,https://www.nps.gov/media/webcam/view.htm?id=EE11A8B1-EE17-7C0C-8C0AF4FE6CF5CD48,Active,"Big Bend is famous for wide expansive panoramas. The view from Park Headquarters is always changing, and always spectacular. The view is to the Northwest, and updated every 15 minutes. On a clear day, distant peaks over 80 miles away are clearly visible."
bryce-canyon-webcam,NPS AirWebCams,Bryce Canyon National Park,image,https://www.nps.gov/featurecontent/ard/webcams/images/brda.jpg,https://www.nps.gov/subjects/air/webcams.htm?site=brda,Current image: 05/01/2026 11:00 AM MDT,Current image from the NPS Air Quality Web Camera Network.
bryce-canyon-webcam,Utah DOT,Highway 12 Near Bryce,image,https://udottraffic.utah.gov/1_devices/SR-12-MP-14.gif,https://www.allbryce.com/media/highway_12_near_bryce,Active,Live UDOT traffic/weather camera on State Route 12 near Bryce Canyon City. Verified public image endpoint updated May 1 2026.
crater-lake-webcam,National Park Service,Annie Spring Entrance Station,image,https://www.nps.gov/webcams-crla/camera0.jpg,https://www.nps.gov/media/webcam/view.htm?id=81B4628D-1DD8-B71B-0B183DA83E05154F&r=/crla/learn/photosmultimedia/webcams.htm,Active,"Curious about road conditions? This webcam can help you determine if the park's roads are icy. It looks south along Munson Valley Road from the Annie Spring Entrance Station (elevation 6,000 feet). The silver bar is a flagpole."
crater-lake-webcam,National Park Service,Crater Lake,image,https://www.nps.gov/webcams-crla/camerasinnott.jpg,https://www.nps.gov/media/webcam/view.htm?id=BAB9400D-C123-A696-F87EB5B6A61F30D6&r=/crla/learn/photosmultimedia/webcams.htm,Active,"Is Crater Lake visible today? Sometimes the lake is hidden by clouds, especially in the winter. This view looks north across the lake from the Sinnott Overlook at Rim Village (elevation 7,100 feet). On a clear day, it takes in Wizard Island, Llao Rock, and Mount Thielsen."
crater-lake-webcam,National Park Service,Steel Information Center,image,https://www.nps.gov/webcams-crla/cameraHQ0.jpg,https://www.nps.gov/media/webcam/view.htm?id=81B462AA-1DD8-B71B-0BAC82E1AFD3CC1D&r=/crla/learn/photosmultimedia/webcams.htm,Active,"The Steel Information Center at Park Headquarters (elevation 6,450 feet) is open daily except December 25th. This view is useful in showing the amount of snow currently on the ground in the park. It can be 10 to 15 feet deep in the late winter and early spring."
denali-webcam,National Park Service,Denali Puppycam,iframe,https://v.angelcam.com/iframe?v=z1nr86dgy0&autoplay=1,https://www.nps.gov/media/webcam/view.htm?id=25747478-0780-8919-6A9CEF1D47DE6F24,Active,Official NPS Denali Kennels live puppycam. This camera can go dark seasonally as puppies outgrow the nursery pen.
denali-webcam,Alaska 511,Parks Highway at Little Coal Creek,image,https://511.alaska.gov/map/Cctv/175,https://511.alaska.gov/region/Denali,Active,Live Alaska 511 highway camera near Denali National Park at Parks Highway milepost 163.2.
denali-webcam,Alaska 511,Parks Highway at Nenana Hills,image,https://511.alaska.gov/map/Cctv/208,https://511.alaska.gov/region/Denali,Active,Live Alaska 511 highway camera near Denali National Park at Parks Highway milepost 325.4.
everglades-webcam,National Park Service,Anhinga Trail Webcam,image,https://video-monitoring.com/everglades/royalpalm/sstn/s1.jpg,https://video-monitoring.com/everglades/royalpalm/,Active,Official NPS Royal Palm webcam image.
glacier-bay-webcam,National Park Service,Bartlett Cove Public Dock,page,https://www.nps.gov/media/webcam/view.htm?id=81B46712-1DD8-B71B-0B4B99EDA0AE3CFC,https://www.nps.gov/media/webcam/view.htm?id=81B46712-1DD8-B71B-0B4B99EDA0AE3CFC,Active live NPS webcam page,
glacier-bay-webcam,National Park Service,Lower Glacier Bay,page,https://www.nps.gov/media/webcam/view.htm?id=81B4672D-1DD8-B71B-0B04336F55ECDD47,https://www.nps.gov/media/webcam/view.htm?id=81B4672D-1DD8-B71B-0B04336F55ECDD47,Active live NPS webcam page,
glacier-webcam,National Park Service,Apgar Mountain,image,https://www.nps.gov/webcams-glac/ApgarLookout-01.jpg,https://www.nps.gov/media/webcam/view.htm?id=81B4691B-1DD8-B71B-0BB9DBEE21A59335&r=/glac/learn/photosmultimedia/webcams.htm,Active,This view to the northeast from the summit of Apgar Mountain provides a spectacular view of Lake McDonald and the mountains in the distance. To the left of the lake are Stanton Mountain and Mt. Vaught (Stanton just in front of Vaught) and then just to the right the Garden Wall. The Continental Divide follows the crest of the Garden Wall. Continuing to the right are Mt. Cannon and Mt. Brown. The last mountain clearly visible to the right is Edwards Mountain. Apgar Lookout is at the summit and one of the more popular hikes on the west side.
glacier-webcam,National Park Service,Apgar Village,image,https://www.nps.gov/webcams-glac/ApgarVillage.jpg,https://www.nps.gov/media/webcam/view.htm?id=81B4692D-1DD8-B71B-0B9AE4B7C186B022&r=/glac/learn/photosmultimedia/webcams.htm,Active,"The village of Apgar is the main hub of activity (on the west side of the park) throughout the summer. The park's largest campground is located here as are gift shops, a restaurant, lodging facilities, and boat and recreational equipment rentals."
glacier-webcam,National Park Service,Apgar Visitor Center Plaza,image,https://www.nps.gov/webcams-glac/ApgarVisitorCenter.jpg,https://www.nps.gov/media/webcam/view.htm?id=7290EA71-A74E-A7B4-74805070A3996FAC&r=/glac/learn/photosmultimedia/webcams.htm,Active,Throughout the summer this is the primary information stop for visitors entering the park at West Glacier. The visitor center is closed during winter but there are informational displays and publications available in the plaza.
glacier-webcam,National Park Service,Lake McDonald - 1,image,https://www.nps.gov/webcams-glac/LakeMcDonald1.jpg,https://www.nps.gov/media/webcam/view.htm?id=81B4690A-1DD8-B71B-0B2D069E1CB02E6A&r=/glac/learn/photosmultimedia/webcams.htm,Active,"To many visitors to the park, this view is their first introduction to the spectacular scenery of Glacier National Park. This iconic view from Apgar, at the foot of Lake McDonald, really shows what Glacier is all about...big glacially carved lakes, vast wild views of the high peaks along the Continental Divide, and the ever-changing forests that blanket much of the lower elevations. It's no wonder that for many people when they think of Glacier, they think of this view."
glacier-webcam,National Park Service,Lake McDonald - 2,image,https://www.nps.gov/webcams-glac/lakemcdonaldptz.jpg,https://www.nps.gov/media/webcam/view.htm?id=D428B88A-BC1A-A5BF-88E3D63CF89D3452&r=/glac/learn/photosmultimedia/webcams.htm,Active,This camera is one of the newer models that allow us to zoom in and pan around the scene. Expect to see different views occasionally as we aim it at different parts of the Lake McDonald Valley. Thanks to the Glacier National Park Conservancy for their continued support of the park's webcam installations.
glacier-webcam,National Park Service,Logan Pass - 1,image,https://glacier.org/webcam/hlt_nps.jpg,https://www.nps.gov/media/webcam/view.htm?id=6E559311-9E10-3A12-2442A20797C7B6C6&r=/glac/learn/photosmultimedia/webcams.htm,Active,"This Logan Pass webcam shows the beginning of the Hidden Lake Trail, a popular hiking trail in Glacier. Hikers can hike 1.4 miles to the Hidden Lake Overlook for a view of Hidden Lake and Bearhat Mountain or continue another 1.2 miles (dropping 780 feet) to the north shore of Hidden Lake."
glacier-webcam,National Park Service,Logan Pass 2,image,https://glacier.org/webcam/smv_nps.jpg,https://www.nps.gov/media/webcam/view.htm?id=7A5DA146-CE8D-E071-2C00362A062A3D0E&r=/glac/learn/photosmultimedia/webcams.htm,Active,"This webcam shows two views each day. First, it aims down the St. Mary Valley to watch sunrise, before swinging east to show the meadows beneath Mount Reynolds. Also visible is the short, paved nature trail that takes visitors through the meadow around the visitor center."
glacier-webcam,National Park Service,Logan Pass Parking Lot,image,https://glacier.org/webcam/lpp_nps.jpg,https://www.nps.gov/media/webcam/view.htm?id=325AE6AF-BAEB-F65D-EF3D638BF683E78E&r=/glac/learn/photosmultimedia/webcams.htm,Active,"Located at the highest point along the Going-to-the-Sun Road, the Logan Pass area includes the Logan Pass Visitor Center, trailheads for the Highline and Hidden Lake trails, restrooms, potable water, and shuttle service. This view focuses on the Logan Pass parking lot with Mt. Pollock and Going-to-the-Sun Mountain in the background."
glacier-webcam,National Park Service,Many Glacier,image,https://glacier.org/webcam/mg_nps.jpg,https://www.nps.gov/media/webcam/view.htm?id=2ABFE780-E817-D105-9B14697AEB43EBA6&r=/glac/learn/photosmultimedia/webcams.htm,Active,"Many Glacier is often referred to as the Heart of the Park. This spectacular view highlights Swiftcurrent Lake and dominant Grinnell Point. To the right is the Swiftcurrent Valley and just up and over the wall is Granite Park. To the left is the valley that leads up to Grinnell Glacier, one of the most popular trails in the park. The Many Glacier Hotel sits at the edge of Swiftcurrent Lake and is an outstanding example of the type of architecture that was so common in western national parks in early 1900. A walk through its soaring lobby is a must see when you visit Many Glacier. This webcam is brought to you through a partnership with the Glacier National Park Conservancy. Check out all of the Conservancy's Glacier webcams at the link below."
glacier-webcam,National Park Service,Middle Fork of the Flathead River,image,https://www.nps.gov/webcams-glac/MiddleForkBridge.jpg,https://www.nps.gov/media/webcam/view.htm?id=81B46955-1DD8-B71B-0B698C4D88410C05&r=/glac/learn/photosmultimedia/webcams.htm,Active,"The Middle Fork of the Flathead River forms the southwest border of Glacier National Park. This view, from near Park Headquarters, shows the river as it flows under the West Glacier bridge. At night some of the lights of West Glacier may be visible. During the summer, watch for rafters. Several commercial rafting businesses use this section of river. In the winter, the only activity along the river might be the occasional coyote or deer or a really cold kayaker."
glacier-webcam,National Park Service,Park Headquarters,image,https://www.nps.gov/webcams-glac/Headquarters.jpg,https://www.nps.gov/media/webcam/view.htm?id=81B46943-1DD8-B71B-0B46D68861599592&r=/glac/learn/photosmultimedia/webcams.htm,Active,"This was the first webcam view that Glacier National Park offered. Originally it was only going to be a test until a better location was found, but it turns out that this view has a large following. Watch for the occasional lunchtime crowd at the picnic table or our resident deer wandering about. Some years in the early summer beargrass blooms dot the forest."
glacier-webcam,National Park Service,St. Mary Visitor Center,image,https://www.nps.gov/webcams-glac/StMaryPTZ.jpg,https://www.nps.gov/media/webcam/view.htm?id=AE7C9B53-910E-6D3A-D6133266826C6977&r=/glac/learn/photosmultimedia/webcams.htm,Active,"The view from this webcam can be changed by park staff and occasionally we will move it and provide a different aspect of the view from the St. Mary Visitor Center. We hope to be able to provide close views of the elk in the fall and winter, tighter views of the mountains, and occasionally people at the Entrance Station and in the Visitor Center."
glacier-webcam,National Park Service,St. Mary Visitor Center - Dusty Star Observatory Sky Cam,image,https://glacier.org/webcam/dark_sky_nps.jpg,https://www.nps.gov/media/webcam/view.htm?id=FEBE3539-D0B5-B95A-B341B5A5C777FB9E&r=/glac/learn/photosmultimedia/webcams.htm,Active,"Imagine laying on your back in the St. Mary valley and looking straight up at the sky. That is your view from this webcam. On a clear night the image of the sky is spectacular, so visit after dark for the best experience. The tan shape at the top is the Dusty Star Observatory. The other buildings in the area include the St. Mary Visitor Center and the St. Mary entrance station. The center of the image looks straight up at the sky. If the circular image is a clock, the Dusty star Observatory is to the east at 12'clock, north is at 3 o'clock, west is at 6 o'clock. and south is at 9 o'clock."
glacier-webcam,National Park Service,West Entrance,image,https://www.nps.gov/webcams-glac/WestEntrance.jpg,https://www.nps.gov/media/webcam/view.htm?id=33478DF3-1DD8-B71B-0B8C97DB0A03B0F7&r=/glac/learn/photosmultimedia/webcams.htm,Active,"The West Entrance to the park is a good indicator of how busy things may be at locations inside the park. During July and August expect to see a long string of cars as they line up to purchase their entrance passes. We sell several different passes including a 7-day pass for $35.00, an annual pass for $70.00, and the America the Beautiful Pass for $80.00. The America the Beautiful Pass will allow entrance into any national park in the country and is good for some services on National Forests and at other Federal agencies."
grand-canyon-webcam,National Park Service,Bright Angel Trailhead View,image,https://cdn.pixelcaster.com/public.pixelcaster.com/snapshots/grandcanyon-1/latest.jpg,https://www.nps.gov/media/webcam/view.htm?id=69E0162D-0ED1-F68A-6B52A11F95FD867B&r=/grca/learn/photosmultimedia/webcams.htm,Active,Verify that the time and date of the picture is current (upper right in the photo).
grand-canyon-webcam,National Park Service,"Flagstaff, Arizona — I-40",image,https://az511.com/map/Cctv/25--15,https://www.nps.gov/media/webcam/view.htm?id=69687067-BE16-062D-2F789E22263AABA3&r=/grca/learn/photosmultimedia/webcams.htm,Active,"This camera shows the current weather, traffic and road conditions at Mile 199.6 of Interstate 40 —one of the main highways travelers use to reach Grand Canyon National Park. Webcam courtesy Arizona Dept. of Transportation 511. The image updates every 15 minutes. Always check the date/time in the image to be sure it is recent."
grand-canyon-webcam,NPS AirWebCams,Grand Canyon National Park,image,https://www.nps.gov/featurecontent/ard/webcams/images/grca.jpg,https://www.nps.gov/subjects/air/webcams.htm?site=grca,Current image: 05/01/2026 11:30 AM MST,Current image from the NPS Air Quality Web Camera Network.
grand-canyon-webcam,National Park Service,San Francisco Peaks,image,https://www.weather.gov/images/fgz/webcam/camera1.jpg,https://www.nps.gov/media/webcam/view.htm?id=348818A5-C6EE-66E7-41F5F43A4C334357&r=/grca/learn/photosmultimedia/webcams.htm,Active,"Webcam courtesy of the National Weather Service office in Bellemont, Arizona. In the distance, the San Francisco Peaks with Mount Humphreys at 12,633 feet (3,850 m) above sea level, the highest point in the state of Arizona. Bellemont is located along Interstate 40, 13.6 miles (22 Km) west of Flagstaff, Arizona."
grand-canyon-webcam,National Park Service,South Entrance Station,image,https://www.nps.gov/webcams-grca/camera.jpg,https://www.nps.gov/media/webcam/view.htm?id=9B5FC6BA-9FE6-EC6B-61637825D562D367&r=/grca/learn/photosmultimedia/webcams.htm,Active,"Use this webcam to help time your South Rim arrival and to check winter road conditions. During spring break, summer, and fall weekends, there can be long lines with up to two hour wait times between 10 am and 4 pm. This view refreshes every minute."
grand-canyon-webcam,National Park Service,State Route 64 (Mile 213.9),image,https://az511.com/map/Cctv/702,https://www.nps.gov/media/webcam/view.htm?id=692DB1BB-E2E6-22EC-034062D3C0C936B5&r=/grca/learn/photosmultimedia/webcams.htm,Active,"The view is from Valle, Arizona, near the junction of US 180 (from Flagstaff) and SR 64 (from Williams) The location is also called ""Grand Canyon Junction"". The South Rim of Grand Canyon National Park is 26 miles (41 km) north of this location. This webcam is provided by of Arizona Dept of Transportation 511. The image updates every 15 minutes. Always check the date/time in the image to be sure it is recent."
grand-canyon-webcam,National Park Service,State Route 64 (Mile 235.15),image,https://az511.com/map/Cctv/709,https://www.nps.gov/media/webcam/view.htm?id=7D6A3936-E1C5-C480-4FA08472583AA182&r=/grca/learn/photosmultimedia/webcams.htm,Active,"This webcam is located just south of the town of Tusayan, Arizona, at the intersection of Arizona State Route 64 with the north entrance road to Grand Canyon Airport. This intersection is 2.56 miles (4.12 km) from the park's South Entrance Station, or a total of 7.6 miles (12.23 km) from this location to the Grand Canyon Visitor Center, inside the park. This webcam is provided by the Arizona Dept. of Transportation 511. The image updates every 15 minutes. Always check the date/time in the image to be sure it is recent."
grand-canyon-webcam,National Park Service,"View from Jacob Lake, Arizona",image,https://az511.com/map/Cctv/1351,https://www.nps.gov/media/webcam/view.htm?id=B08B53F1-D1E6-7E94-3AAA19135F31B142&r=/grca/learn/photosmultimedia/webcams.htm,Active,"Jacob Lake, Arizona, is located at the junction of U.S. Route 89A and Arizona State Route 67 north of Grand Canyon National Park. North Rim access changes seasonally and may be affected by fire recovery, weather, and road status. Check official NPS current conditions before travel. Webcam courtesy of Arizona Dept. of Transportation 511. Always check the date/time in the image to be sure it is recent."
grand-canyon-webcam,National Park Service,View from Kolb Studio,image,https://cdn.pixelcaster.com/public.pixelcaster.com/snapshots/grandcanyon-2/latest.jpg,https://www.nps.gov/media/webcam/view.htm?id=CC0CA1C7-E607-6F46-707E19938BBFEE63&r=/grca/learn/photosmultimedia/webcams.htm,Active,Check that the time and date of the picture are current (upper right in the photo).
grand-tetons-webcam,NPS AirWebCams,Grand Teton National Park,image,https://www.nps.gov/featurecontent/ard/webcams/images/grte.jpg,https://www.nps.gov/subjects/air/webcams.htm?site=grte,Current image: 05/01/2026 12:30 PM MDT,Current image from the NPS Air Quality Web Camera Network.
grand-tetons-webcam,American Alpine Club,Grand Teton Climbers Ranch Webcam,image,https://cameras.americanalpineclub.org/cameras/gtcr/webcam.jpg,https://americanalpineclub.org/gtcr-webcam,Active,Webcam from the American Alpine Club Grand Teton Climbers Ranch.
grand-tetons-webcam,Beringia South,Teton Valley Webcam,image,https://webcam.beringiasouth.org/camera/BS.jpg,https://webcam.beringiasouth.org/camera/BS.jpg,Active,West view of the Teton Valley from Beringia South.
grand-tetons-webcam,Wyoming Department of Transportation,Teton Pass Webcam,image,https://www.wyoroad.info/web-cam/cache?ref=VTJGc2RHVmtYMSttKzdZR2NXc3FWV3J3WG85MHkrN3NtQ1ZITCtoNk9wVGV1eGEwL1FsQUlpejlDdXhUS0hRSGs5VCtVdm9rWDRIdmZRSXBFQ0dzdlJhb1dZRGdQQytpZVdXMndiaHFZb289,https://www.wyoroad.info/highway/webcameras/view?site=WYO22TetonPass,Active,"Top of Teton Pass, courtesy of the Wyoming Department of Transportation."
great-smoky-mountains-webcam,National Park Service,Kuwohi Webcam,image,https://www.nps.gov/featurecontent/ard/webcams/images/grcdlarge.jpg,https://www.nps.gov/media/webcam/view.htm?id=BDFD47F3-1DD8-B71B-0B81AFE928DDCBCF,Active,"Located at high elevation in the center of the park, Clingmans Dome webcam offers views to the west."
great-smoky-mountains-webcam,National Park Service,Look Rock Webcam,image,https://www.nps.gov/featurecontent/ard/webcams/images/grsmlarge.jpg,https://www.nps.gov/media/webcam/view.htm?id=6878C635-B83A-8F41-A6E3B0160539BEAA,Active,Visit webcam page for current view
great-smoky-mountains-webcam,National Park Service,Newfound Gap Webcam,image,https://www.nps.gov/featurecontent/ard/webcams/images/gsnglarge.jpg,https://www.nps.gov/media/webcam/view.htm?id=C589EEEF-1DD8-B71B-0B0463C308FF64DD,Active,Official NPS webcam image from Newfound Gap. Verified public image endpoint updated May 1 2026.
great-smoky-mountains-webcam,National Park Service,Purchase Knob Webcam,image,https://www.nps.gov/featurecontent/ard/webcams/images/grpklarge.jpg,https://www.nps.gov/media/webcam/view.htm?id=52E38701-AF1C-D2FC-3F23861BB6E221BB,Active,Visit webcam page for current view.
great-smoky-mountains-webcam,PhenoCam,Twin Creeks Webcam,image,https://phenocam.nau.edu/data/latest/NEON.D07.GRSM.DP1.00033.jpg,https://phenocam.nau.edu/webcam/sites/NEON.D07.GRSM.DP1.00033/,Active,View of the Twin Creeks area.
great-smoky-mountains-webcam,PhenoCam,LeConte Creek Webcam,image,https://phenocam.nau.edu/data/latest/NEON.D07.LECO.DP1.20002.jpg,https://phenocam.nau.edu/webcam/sites/NEON.D07.LECO.DP1.20002/,Active,View of LeConte Creek.
guadalupe-mountains-webcam,National Park Service,Dog Canyon View,image,https://www.nps.gov/webcams-gumo/gumo3.jpg,https://www.nps.gov/media/webcam/view.htm?id=3598C342-D08B-A76D-2A442D3D2864EFD6,Active,"View from the Dog Canyon campground area - ""View Webcam"" link opens a larger picture that updates every 30 seconds."
guadalupe-mountains-webcam,National Park Service,El Capitan View,image,https://www.nps.gov/webcams-gumo/gumo2.jpg,https://www.nps.gov/media/webcam/view.htm?id=9849DE2B-BC23-1110-33CED7C04E8AAF05,Active,"View from the Pine Springs area towards the southwest and the profile of El Capitan - ""View Webcam"" link opens a larger picture that updates every 30 seconds."
guadalupe-mountains-webcam,National Park Service,McKittrick Canyon View,image,https://www.nps.gov/webcams-gumo/gumo4.jpg,https://www.nps.gov/media/webcam/view.htm?id=422DD5D2-9580-4AA5-8140-B98006F693D3,Active,View looking toward the north west into McKittrick Canyon trail.
guadalupe-mountains-webcam,National Park Service,Pine Springs Canyon View,image,https://www.nps.gov/webcams-gumo/gumo1.jpg,https://www.nps.gov/media/webcam/view.htm?id=E73E3175-DF46-3AF2-28593FC1F83AE264,Active,"View looking toward the west into Pine Springs Canyon - ""View Webcam"" link opens a larger picture that updates every 30 seconds."
haleakala-webcam,National Park Service,Live Haleakalā Crater Cam,image,https://www.nps.gov/webcams-hale/HaleSummitCamCrater.jpg,https://www.nps.gov/media/webcam/view.htm?id=56F5E0DC-9116-8502-7F673D0FF0B8378A&r=/hale/learn/photosmultimedia/webcams.htm,Active,Check out the latest viewing conditions of Haleakalā Crater via our webcam at Puʻuʻulaʻula located at the summit.
hawaii-volcanoes-webcam,National Park Service,Halemaʻumaʻu crater from the east rim and down-dropped block [V2cam],image,https://volcanoes.usgs.gov/cams/V2cam/images/M.jpg,https://www.nps.gov/media/webcam/view.htm?id=6AA1C994-BB25-26A1-A524367EA9E7D676&r=/havo/learn/photosmultimedia/webcams.htm,Active,"Live view of Kaluapele (Kīlauea caldera) and Halemaʻumaʻu crater, from the northeast rim of the caldera [V2cam]. This camera is a pan-tilt-zoom model and the view may change depending on activity."
hawaii-volcanoes-webcam,NPS AirWebCams,Hawaii Volcanoes National Park,image,https://www.nps.gov/featurecontent/ard/webcams/images/havo.jpg,https://www.nps.gov/subjects/air/webcams.htm?site=havo,Current image: 05/01/2026 08:30 AM HST,Current image from the NPS Air Quality Web Camera Network.
hawaii-volcanoes-webcam,National Park Service,"Kīlauea's upper Southwest Rift Zone, looking northwest [MITDcam]",image,https://volcanoes.usgs.gov/cams/MITDcam/images/M.jpg,https://www.nps.gov/media/webcam/view.htm?id=CBF20C5F-EEA2-F4E0-1EBF6ADE74D2DABA&r=/havo/learn/photosmultimedia/webcams.htm,Active,"Webcam image showing the upper Southwest Rift Zone of Kīlauea volcano. View is from a seismic station in the Kaʻū Desert, looking northwest. Uēkahuna, the summit of Kilauea, is visible in the distance near the right edge of the frame. Pu‘ukoa‘e is the larger of the two cinder cones near the center of the frame, and Maunaiki is a subtle hill in the center-left. The Kamakaia Hills are visible at the extreme left edge of the frame."
hawaii-volcanoes-webcam,National Park Service,Live Image of Kaluapele (Kīlauea caldera) from Uēkahuna bluff,image,https://volcanoes.usgs.gov/observatories/hvo/cams/K2cam/images/M.jpg,https://www.nps.gov/media/webcam/view.htm?id=C8F61201-BB93-4F34-ECBD63CB56715481&r=/havo/learn/photosmultimedia/webcams.htm,Active,"This image is from a research camera on the bluff at Uēkahuna, overlooking the summit caldera of Kīlauea. This camera is a pan-tilt-zoom model and the view may change depending on activity."
hawaii-volcanoes-webcam,National Park Service,Mauna Loa's Summit and Northeast Rift Zone from Mauna Kea [MKcam],image,https://volcanoes.usgs.gov/observatories/hvo/cams/MKcam/images/M.jpg,https://www.nps.gov/media/webcam/view.htm?id=CADD9583-AF7C-1DC8-FFC97C9F699D7A14&r=/havo/learn/photosmultimedia/webcams.htm,Active,Live Image of Mauna Loa's Summit and Northeast Rift Zone from Mauna Kea [MKcam].
hawaii-volcanoes-webcam,National Park Service,Maunaulu Cam [MUcam],image,https://volcanoes.usgs.gov/observatories/hvo/cams/MUcam/images/M.jpg,https://www.nps.gov/media/webcam/view.htm?id=CAF65190-DBCA-1A22-29A80739FEFBC817&r=/havo/learn/photosmultimedia/webcams.htm,Active,Live Panorama of Maunaulu Cam from [MUcam].
hawaii-volcanoes-webcam,National Park Service,Middle Part of Mauna Loa's Southwest Rift Zone,image,https://volcanoes.usgs.gov/observatories/hvo/cams/M2cam/images/M.jpg,https://www.nps.gov/media/webcam/view.htm?id=EE01A0C2-D2E7-409E-2D8DE27D2F308C35&r=/havo/learn/photosmultimedia/webcams.htm,Active,"This image is from a research camera positioned on a cone in Mauna Loa's Southwest Rift Zone in Hawaiʻi Volcanoes National Park. The camera looks northeast (upslope), focusing on the middle part of the Southwest Rift Zone. The volcano's summit is at upper right."
hawaii-volcanoes-webcam,National Park Service,Mokuʻāweoweo Caldera Thermal [MTcam],image,https://volcanoes.usgs.gov/observatories/hvo/cams/MTcam/images/M.jpg,https://www.nps.gov/media/webcam/view.htm?id=3BFA7662-E5A8-E395-ABD45F3FF29D945E&r=/havo/learn/photosmultimedia/webcams.htm,Active,"This image is from a temporary thermal camera located on the north rim of Mauna Loa's summit caldera. The temperature scale is in degrees Celsius up to a maximum of 500 degrees (932 degrees Fahrenheit) for this camera model, and scales automatically based on the maximum and minimum temperatures on the caldera floor and not the whole frame, which sometimes results in the rim (bottom of image) looking saturated (white). Thick fume, image pixel size and other factors often result in image temperatures being lower than actual surface temperatures. Thermal webcams record in Centigrade, conversions to Fahrenheit are provided here for your convenience: 20°C=68°F, 40°C=104°F, 60°C=140°F, 80°C=176°F."
hawaii-volcanoes-webcam,National Park Service,Mokuʻāweoweo Caldera from the Northwest Rim,image,https://volcanoes.usgs.gov/observatories/hvo/cams/MLcam/images/M.jpg,https://www.nps.gov/media/webcam/view.htm?id=E1BA8F29-0BAF-52FE-229F39263A990800&r=/havo/learn/photosmultimedia/webcams.htm,Active,"This image is from a research camera positioned on the north rim of Mokuʻāweoweo, the summit caldera of Mauna Loa volcano by the USGS Hawaiian Volcano Observatory. If you look carefully around early morning or late evening, you may see a few thermal areas emitting steam."
hawaii-volcanoes-webcam,National Park Service,Northwest flank from Hualālai volcano,image,https://volcanoes.usgs.gov/cams/HLcam/images/M.jpg,https://www.nps.gov/media/webcam/view.htm?id=EE2AB5B3-D7D0-8A1E-8C719BFF988F87B1&r=/havo/learn/photosmultimedia/webcams.htm,Active,Live view of the northwest flank of Mauna Loa; the view is from the southeast flank of Hualālai. This camera is a pan-tilt-zoom model and the view may change depending on activity.
hawaii-volcanoes-webcam,National Park Service,Puʻuʻōʻō East Flank from East of Puʻuʻōʻō,image,https://volcanoes.usgs.gov/observatories/hvo/cams/PEcam/images/M.jpg,https://www.nps.gov/media/webcam/view.htm?id=EDA334EA-BFA0-656C-A9D41EB152C2D683&r=/havo/learn/photosmultimedia/webcams.htm,Active,"This image is from a temporary research camera positioned northeast of Puʻuʻōʻō, on Puʻuhalulu, looking southwest toward the northeast flank of Puʻuʻōʻō."
hawaii-volcanoes-webcam,National Park Service,Puʻuʻōʻō Southeast Coast,image,https://volcanoes.usgs.gov/observatories/hvo/cams/R3cam/images/M.jpg,https://www.nps.gov/media/webcam/view.htm?id=430C8380-8BB1-4917-B443-80875DDB9CE1&r=/havo/learn/photosmultimedia/webcams.htm,Active,"This image is from a research camera positioned on the southeast flank of Puʻuʻōʻō, looking toward the southeast."
hawaii-volcanoes-webcam,National Park Service,Puʻuʻōʻō West Flank from Puʻuʻōʻō [PWcam],image,https://volcanoes.usgs.gov/observatories/hvo/cams/PWcam/images/M.jpg,https://www.nps.gov/media/webcam/view.htm?id=CB297CB0-CB5C-99F3-868877061AFB0B62&r=/havo/learn/photosmultimedia/webcams.htm,Active,"This image is from a research camera positioned on the northwest flank of Puʻuʻōʻō, looking southwest. On the morning of May 24, 2016, this camera was rotated to be pointed northeast to follow a new breakout on the east flank of Puʻuʻōʻō."
hawaii-volcanoes-webcam,National Park Service,The Upper Part of Mauna Loa's Southwest Rift Zone [M3cam],image,https://volcanoes.usgs.gov/observatories/hvo/cams/M3cam/images/M.jpg,https://www.nps.gov/media/webcam/view.htm?id=3C0FF559-A0C6-5407-2A0C33CD91A1D88B&r=/havo/learn/photosmultimedia/webcams.htm,Active,"This image is from a research camera positioned on a cone in Mauna Loa's Southwest Rift Zone in Hawaiʻi Volcanoes National Park. The camera looks northeast (upslope), focusing on the upper part of the Southwest Rift Zone. The upper flank of Mauna Loa forms the skyline."
hawaii-volcanoes-webcam,National Park Service,Upper and Middle Parts of Mauna Loa's Southwest Rift Zone,image,https://volcanoes.usgs.gov/cams/MDLcam/images/M.jpg,https://www.nps.gov/media/webcam/view.htm?id=EE196017-AB32-9FD8-74239F3918E28F2C&r=/havo/learn/photosmultimedia/webcams.htm,Active,Live image of Mauna Loa's upper and middle Southwest Rift Zone from Dandelion Cone along the middle part of the rift zone [MDLcam]. This camera is a pan-tilt-zoom model and the view may change depending on activity.
hawaii-volcanoes-webcam,National Park Service,"View of Halemaʻumaʻu crater at the summit of Kīlauea, view is to the west",image,https://volcanoes.usgs.gov/cams/S2cam/images/M.jpg,https://www.nps.gov/media/webcam/view.htm?id=C954D561-D173-F216-1F7F97BCB24BB3B1&r=/havo/learn/photosmultimedia/webcams.htm,Active,Live view of Halemaʻumaʻu crater at the summit of Kīlauea; camera is positioned on the south rim and the view is to the west [S2cam].
hawaii-volcanoes-webcam,National Park Service,West vent in Halemaʻumaʻu and lava lake - [V1cam],image,https://volcanoes.usgs.gov/observatories/hvo/cams/V1cam/images/M.jpg,https://www.nps.gov/media/webcam/view.htm?id=182ADDB9-0627-4EBA-94C1658E5EF29871&r=/havo/learn/photosmultimedia/webcams.htm,Active,"Live view of the west vent in Halemaʻumaʻu and the lava lake, from the northwest rim of the caldera, looking south [V1cam]."
isle-royale-national-park-webcam,National Park Service,Greenstone Ridge Northeast Webcam,image,https://www.nps.gov/webcams-isro/greenstoneridgene.jpg,https://www.nps.gov/media/webcam/view.htm?id=A4B08269-BE8A-67B6-5AA047AB05CE4814&r=/isro/learn/photosmultimedia/webcams.htm,Active,"From one of the highest Isle Royale peaks at 1,133 feet above sea level (roughly 530 feet above Lake Superior), the Greenstone Ridge Northeast Webcam, located at the peak of Mount Ojibway, captures a northeastern vantage point. The angle gazes across the spine of the Greenstone Ridge from Ojibway Tower to Passage Island Lighthouse. The webcam is solar powered and communicates multiple times per day, year-round, when power and communications infrastructure allows."
isle-royale-national-park-webcam,National Park Service,Greenstone Ridge Southwest Webcam,image,https://www.nps.gov/webcams-isro/GreenstoneRidgeSW.jpg,https://www.nps.gov/media/webcam/view.htm?id=0EE1CA55-EE60-AA3D-094562D38610B700&r=/isro/learn/photosmultimedia/webcams.htm,Active,"From one of the highest Isle Royale peaks at 1,133 feet above sea level (roughly 530 feet above Lake Superior), the Greenstone Ridge Southwest Webcam at the peak of Mount Ojibway gazes across the spine of the Greenstone Ridge from the Ojibway Tower. It captures a southwest vantage point, a swath from Moskey Basin on the left to Sargent Lake on the right. The webcam is solar powered and communicates multiple times per day, year-round, when power and communications infrastructure allows."
isle-royale-national-park-webcam,National Park Service,Middle Islands Passage Webcam,image,https://www.nps.gov/webcams-isro/middleislands.jpg,https://www.nps.gov/media/webcam/view.htm?id=A3F24CFE-E4F1-7EB2-F802285F953253C2&r=/isro/learn/photosmultimedia/webcams.htm,Active,"From one of the highest Isle Royale peaks at 1,133 feet above sea level (roughly 530 feet above Lake Superior), the Middle Islands Passage Webcam, located at the peak of Mount Ojibway, captures a southeastern vantage point. The angle offers views of Lake Superior, Caribou Island at left, Middle Islands at center, and the entrance to Moskey Basin, home of Rock Harbor Lighthouse, at right. Middle Islands Passage is the access point for large vessels sailing in and out of Rock Harbor Channel. The webcam is solar powered and communicates multiple times per day, year-round, when power and communications infrastructure allows."
isle-royale-national-park-webcam,National Park Service,Mott Island Dock,image,https://www.nps.gov/webcams-isro/mottmain.jpg,https://www.nps.gov/media/webcam/view.htm?id=FB2B5F92-E9F6-6BE9-6DD9CEE73DB0E31C&r=/isro/learn/photosmultimedia/webcams.htm,Active,"Mott Island, Isle Royale National Park's summer headquarters, is the nucleus of operations on the island. It is a barrier island located on the south side of Rock Harbor Channel. The webcam is active on real-time intervals during the summer months when power is available to it, and communicating multiple times per day during the winter when solar power allows."
isle-royale-national-park-webcam,National Park Service,Mott Island Southwest Webcam,image,https://www.nps.gov/webcams-isro/mottsw.jpg,https://www.nps.gov/media/webcam/view.htm?id=AB97D925-E45D-295C-F7C13BBDC35AF9E5&r=/isro/learn/photosmultimedia/webcams.htm,Active,"Mott Island, Isle Royale National Park's summer headquarters, is the nucleus of operations on the island. It is a barrier island located on the south side of Rock Harbor Channel. The webcam is active on real-time intervals during the summer months when power is available to it, and communicating multiple times per day during the winter when solar power allows."
isle-royale-national-park-webcam,National Park Service,North Shore Webcam,image,https://www.nps.gov/webcams-isro/northshore.jpg,https://www.nps.gov/media/webcam/view.htm?id=A3720AFA-E940-6127-6902E95ED431184B&r=/isro/learn/photosmultimedia/webcams.htm,Active,"From one of the highest Isle Royale peaks at 1,133 feet above sea level (roughly 530 feet above Lake Superior), the North Shore Webcam, located at the peak of Mount Ojibway, captures a northern vantage point. The angle offers views of Lake Superior, Canada's Pie Island on the left, and Canada's Sleeping Giant Provincial Park at center. The webcam is solar powered and communicates multiple times per day, year-round, when power and communications infrastructure allows."
isle-royale-national-park-webcam,National Park Service,Rock Harbor Webcam,image,https://www.nps.gov/webcams-isro/tobin.jpg,https://www.nps.gov/media/webcam/view.htm?id=81B46B18-1DD8-B71B-0B6741D09D58BA2A&r=/isro/learn/photosmultimedia/webcams.htm,Active,"Overlooking the Visitor Center and RANGER III dock at Snug Harbor, this camera view provides a vantage point to view the various small islands scattered about the Rock Harbor channel. On a clear day, the water tower at Mott Island is visible and the heights of Mount Saginaw tower in the background. The webcam is active only during the summer months when power is available to it (typically from the beginning of May until late September)."
isle-royale-national-park-webcam,National Park Service,Smithwick Channel Webcam,image,https://www.nps.gov/webcams-isro/smithwick.jpg,https://www.nps.gov/media/webcam/view.htm?id=EEC7A140-A320-5EC7-9344207E9416A87C&r=/isro/learn/photosmultimedia/webcams.htm,Active,"Smithwick Channel is a small break in Isle Royale's barrier islands that allows safe passage from Lake Superior into Rock Harbor Channel. Raspberry Island can be seen to the left of the view, and Smithwick Island is to the right. This passage is used by many, but perhaps most frequently by the ISLE ROYALE QUEEN IV passenger ferry out of Copper Harbor, MI to travel to and from Rock Harbor. The webcam is solar powered and communicates multiple times per day, year-round, when power and communications infrastructure allows."
isle-royale-national-park-webcam,National Park Service,Tobin Harbor Webcam,image,https://www.nps.gov/webcams-isro/tobinseaplanelz.jpg,https://www.nps.gov/media/webcam/view.htm?id=41516A2F-B710-0362-EFEECACAA00F1EF0&r=/isro/learn/photosmultimedia/webcams.htm,Active,"Tobin Harbor is located on the northeast end of Isle Royale, near Rock Harbor. In the early 20th century, it was a popular summer haven for vacationers. Visitors today enjoy the peaceful paddling and boating opportunities it offers. The webcam is active only during the summer months when power is available to it (typically from the beginning of May until late September)."
isle-royale-national-park-webcam,National Park Service,Windigo Webcam,image,https://www.nps.gov/webcams-isro/WashingtonHarbor.jpg,https://www.nps.gov/media/webcam/view.htm?id=C97C8431-A655-D5A3-13742820024E5899&r=/isro/learn/photosmultimedia/webcams.htm,Active,"Perched atop the Windigo Visitor Center, the Windigo Webcam offers a sweeping view of Washington Harbor. You might find a moose swimming or foraging through these sheltered Lake Superior waters, or catch a colorful sunset in all its brilliance on a late summer night. The webcam is active only during the summer months when power is available to it (typically from the beginning of May until late September)."
joshua-tree-webcam,National Park Service,View from Belle Mountain,image,https://www.nps.gov/featurecontent/ard/webcams/images/jotrlarge.jpg,https://www.nps.gov/media/webcam/view.htm?id=81B46C04-1DD8-B71B-0BCDCD96BE64421C,Active,Check out what it looks like atop Belle Mountain right now.
kings-canyon-webcam,NPS AirWebCams,Sequoia and Kings Canyon National Parks,image,https://www.nps.gov/featurecontent/ard/webcams/images/seki.jpg,https://www.nps.gov/subjects/air/webcams.htm?site=seki,Current image: 05/01/2026 11:30 AM PDT,Current image from the NPS Air Quality Web Camera Network.
lassen-volcano-webcam,National Park Service,Kohm Yah-mah-nee Visitor Center Webcam,image,https://www.nps.gov/webcams-lavo/kyvc_webcam1.jpg,https://www.nps.gov/media/webcam/view.htm?id=9DFC6A5A-04A9-4982-806C-26C2B9FEC6D4&r=/lavo/learn/photosmultimedia/webcams.htm,Active,"This is the view *looking north from the Kohm Yah-mah-nee Visitor Center at Lassen Volcanic National Park. The peak to the left is Mt. Diller and Pilot Pinnacle sits to its right. On cool days, it is possible to see steam rising from the Sulphur Works hydrothermal area."
mammoth-cave-webcam,NPS AirWebCams,Mammoth Cave National Park,image,https://www.nps.gov/featurecontent/ard/webcams/images/maca.jpg,https://www.nps.gov/subjects/air/webcams.htm?site=maca,Current image: 05/01/2026 01:30 PM CDT,Current image from the NPS Air Quality Web Camera Network.
mount-rainier-webcam,National Park Service,East,image,https://www.nps.gov/webcams-mora/east.jpg,https://www.nps.gov/media/webcam/view.htm?id=81B463D4-1DD8-B71B-0BB1FE8364315734&r=/mora/learn/photosmultimedia/webcams.htm,Active,Looking east from the Jackson Visitor Center in Paradise.
mount-rainier-webcam,National Park Service,Longmire,image,https://www.nps.gov/webcams-mora/longmire.jpg,https://www.nps.gov/media/webcam/view.htm?id=81B46445-1DD8-B71B-0BB0376A8482E275&r=/mora/learn/photosmultimedia/webcams.htm,Active,Looking southwest from the Administration Building toward the road entering Longmire.
mount-rainier-webcam,NPS AirWebCams,Mount Rainier National Park,image,https://www.nps.gov/featurecontent/ard/webcams/images/mora.jpg,https://www.nps.gov/subjects/air/webcams.htm?site=mora,Current image: 05/01/2026 11:30 AM PDT,Current image from the NPS Air Quality Web Camera Network.
mount-rainier-webcam,National Park Service,Mountain,image,https://www.nps.gov/webcams-mora/mountain.jpg,https://www.nps.gov/media/webcam/view.htm?id=81B46307-1DD8-B71B-0B72918A4B2EB790&r=/mora/learn/photosmultimedia/webcams.htm,Active,Is the mountain out? What is the weather like at Paradise?
mount-rainier-webcam,National Park Service,Camp Muir,image,https://www.nps.gov/webcams-mora/muir.jpg,https://www.nps.gov/media/webcam/view.htm?id=81B46411-1DD8-B71B-0B1CC218FB03772F&r=/mora/learn/photosmultimedia/webcams.htm,Inactive - down for maintenance,"Look south from Camp Muir, which perches on the side of Mount Rainier at an elevation of over 10,000 feet. Updates every 5 minutes when active."
mount-rainier-webcam,National Park Service,Camp Muir East,image,https://www.nps.gov/webcams-mora/muir_east.jpg,https://www.nps.gov/media/webcam/view.htm?id=7E694512-03CE-2F70-6268044EFA517F8D&r=/mora/learn/photosmultimedia/webcams.htm,Inactive - down for maintenance,"Look east over Camp Muir, which perches on the side of Mount Rainier at an elevation of over 10,000 feet. Connection can be intermittent."
mount-rainier-webcam,National Park Service,Sunrise Mountain,image,https://www.nps.gov/webcams-mora/SunriseMtn.jpg,https://www.nps.gov/media/webcam/view.htm?id=81B4638D-1DD8-B71B-0B1092DD4F75978D&r=/mora/learn/photosmultimedia/webcams.htm,Seasonal - down for winter,What are the conditions like at Sunrise? Check the view of Mount Rainier from the Sunrise Visitor Center.
mount-rainier-webcam,National Park Service,Sunrise Visitor Center,image,https://www.nps.gov/webcams-mora/SunriseLot.jpg,https://www.nps.gov/media/webcam/view.htm?id=81B462F8-1DD8-B71B-0B9BF3D1C82AC89C&r=/mora/learn/photosmultimedia/webcams.htm,Seasonal - down for winter,Looking east over the Sunrise parking lot from the Sunrise Visitor Center.
mount-rainier-webcam,National Park Service,Tatoosh,image,https://www.nps.gov/webcams-mora/tatoosh.jpg,https://www.nps.gov/media/webcam/view.htm?id=81B46402-1DD8-B71B-0B95C911C1395AAC&r=/mora/learn/photosmultimedia/webcams.htm,Active,Looking south towards the Tatoosh Range from Paradise.
mount-rainier-webcam,National Park Service,Visitor Center,image,https://www.nps.gov/webcams-mora/gh.jpg,https://www.nps.gov/media/webcam/view.htm?id=81B463F4-1DD8-B71B-0B9A136C52BCC56D&r=/mora/learn/photosmultimedia/webcams.htm,Active,A view of the Jackson Visitor Center at Paradise.
mount-rainier-webcam,National Park Service,West,image,https://www.nps.gov/webcams-mora/west.jpg,https://www.nps.gov/media/webcam/view.htm?id=81B463E4-1DD8-B71B-0B3E1F3743E9614D&r=/mora/learn/photosmultimedia/webcams.htm,Active,Looking west from the Jackson Visitor Center in Paradise.
new-river-gorge-webcam,National Park Service,Canyon Rim Webcam,image,https://www.nps.gov/webcams-neri/image.jpg,https://www.nps.gov/media/webcam/view.htm?id=03D5B344-9A69-16BC-F00004463B3C22F8&r=/neri/learn/photosmultimedia/webcams.htm,Active,Check the Canyon Rim webcam for the view of the gorge from Canyon Rim Visitor Center.
north-cascades-webcam,NPS AirWebCams,North Cascades National Park,image,https://www.nps.gov/featurecontent/ard/webcams/images/noca.jpg,https://www.nps.gov/subjects/air/webcams.htm?site=noca,Current image: 05/01/2026 11:30 AM PDT,Current image from the NPS Air Quality Web Camera Network.
olympic-webcam,NPS AirWebCams,Lake Crescent,image,https://www.nps.gov/featurecontent/ard/webcams/images/olym.jpg,https://www.nps.gov/subjects/air/webcams.htm?site=olym,Current image: 05/01/2026 11:30 AM PDT,View of Lake Crescent looking southeast from the NPS Air Quality Web Camera Network.
olympic-webcam,National Park Service,Hurricane Ridge,image,https://www.nps.gov/webcams-olym/southcam.jpg,https://www.nps.gov/media/webcam/view.htm?id=81B46251-1DD8-B71B-0B29B9750DE273B5,Active,Official NPS webcam image from Hurricane Ridge. Verified public image endpoint updated May 1 2026.
olympic-webcam,National Park Service,Hurricane Ridge Parking Lot,image,https://www.nps.gov/webcams-olym/hrparkinglot.jpg,https://www.nps.gov/media/webcam/view.htm?id=81B46260-1DD8-B71B-0B7A7B41BF33172A,Active,Official NPS webcam image from the Hurricane Ridge parking lot. Verified public image endpoint updated May 1 2026.
olympic-webcam,Kalaloch Lodge,Kalaloch Beach,image,https://pixelcaster.com/dnc-kalaloch/kalaloch.jpg,https://www.nps.gov/olym/learn/photosmultimedia/webcams.htm,Active,Watch the meandering Kalaloch Creek flow into the Pacific Ocean on this sandy beach. Webcam operated by Kalaloch Lodge.
olympic-webcam,Forks Chamber of Commerce,First Beach at La Push,inactive,https://forkswa.com/plan-your-visit/webcams/,https://forkswa.com/plan-your-visit/webcams/,Currently offline,The First Beach webcam is currently offline while the camera is being relocated.
olympic-webcam,Forks Chamber of Commerce,James Island at La Push,inactive,https://forkswa.com/plan-your-visit/webcams/,https://forkswa.com/plan-your-visit/webcams/,Currently offline,The James Island webcam is currently offline while the camera is being relocated.
petrified-forest-webcam,National Park Service,Webcam at the Painted Desert Inn National Historic Landmark,inactive,https://www.nps.gov/media/webcam/view.htm?id=81B46C72-1DD8-B71B-0BDC8D1824EBB9A7,https://www.nps.gov/media/webcam/view.htm?id=81B46C72-1DD8-B71B-0BDC8D1824EBB9A7,Currently inactive,The NPS webcam is currently inactive, so the live image is temporarily unavailable.
redwood-national-park,National Park Service,Bald Hills & Redwood Creek,image,https://www.nps.gov/webcams-redw/Bald_Hills.jpg,https://www.nps.gov/media/webcam/view.htm?id=02E6B14D-AF74-6C67-7AF43C0AC3FA23CE&r=/redw/learn/photosmultimedia/webcams.htm,Active,"This view from the Schoolhouse Peak Lookout located in the Bald Hills is oriented to the west, across a portion of open prairie in the middle distance to the Redwood Creek watershed beyond it. This diverse landscape composed of grasslands and oak woodlands provides optimal habitat for bird species that are rarely seen elsewhere in Redwood National and State Parks, including reintroduced California condors (Prey-go-neesh). (Image refreshes about once each minute.)"
redwood-national-park,National Park Service,Elk Prairie at Prairie Creek Redwoods State Park,image,https://www.nps.gov/webcams-redw/Elk_Prairie.jpg,https://www.nps.gov/media/webcam/view.htm?id=7553A227-AAEA-6A87-2496155B0FB5BE97&r=/redw/learn/photosmultimedia/webcams.htm,Active,"This view of Elk Prairie is oriented to the southeast, across a section of grassland to a portion of the Newton B. Drury Scenic Parkway and a redwood forest beyond it. The parks' grasslands provide important habitat for Roosevelt elk, black-tailed deer, and many other animals. (Image refreshes about once each minute.)"
redwood-national-park,National Park Service,Jedediah Smith Redwoods State Park,image,https://www.nps.gov/webcams-redw/Jed_Smith.jpg,https://www.nps.gov/media/webcam/view.htm?id=BB7B050A-BE3B-E7FE-BFED58CB2E874B0F&r=/redw/learn/photosmultimedia/webcams.htm,Active,"This view from the Jedediah Smith Redwoods State Park campground and day use area is situated to the northwest, toward a mixed evergreen forest. These forests are comprised of a variety of tree species, such as redwood, Douglas-fir, tanoak, and madrone. The diverse plant life in these areas support a wide range of animal species, making them an important component of the park’s ecosystem. (Image refreshes about once each minute.)"
redwood-national-park,National Park Service,Thomas H. Kuchel Visitor Center,image,https://www.nps.gov/webcams-redw/KVC_Pacific_Ocean.jpg,https://www.nps.gov/media/webcam/view.htm?id=BD37BB78-0E56-34CE-3270526D6CCC87CA&r=/redw/learn/photosmultimedia/webcams.htm,Active,"This view from the Thomas H. Kuchel Visitor Center is oriented to the west, across a section of coastal plants in the middle distance to the Pacific Ocean beyond it. Weather conditions at this location are often foggy due to moist air passing over cool air just above the surface of the ocean which causes it to condense and form small water particles that create fog. Moisture from this abundant fog is a vital source of water for the coast redwood forest. (Image refreshes about once each minute.)"
rocky-mountain-webcam,National Park Service,Beaver Meadows Entrance/U.S. Hwy 36,image,https://www.nps.gov/webcams-romo/bme.jpeg,https://www.nps.gov/media/webcam/view.htm?id=81B4686B-1DD8-B71B-0B122CB864D072FC&r=/romo/learn/photosmultimedia/webcams.htm,Active,"Beaver Meadows Entrance is located just west of the Town of Estes Park on U.S. Highway 36. This view is looking east from the entrance station, depicting the flow of vehicles entering the park."
rocky-mountain-webcam,National Park Service,Continental Divide,image,https://www.nps.gov/webcams-romo/glacier_basin.jpeg,https://www.nps.gov/media/webcam/view.htm?id=81B4683A-1DD8-B71B-0B01974CAAE7F372&r=/romo/learn/photosmultimedia/webcams.htm,Active,"The Continental Divide Webcam offers a spectacular view of a meadow near Glacier Basin Campground and stunning mountain peaks in the distance. On a clear day, enjoy views of Thatchtop, Taylor Peak, Otis Peak, Hallett Peak, and Flattop Mountain."
rocky-mountain-webcam,National Park Service,Fall River Entrance/U.S. Hwy 34,image,https://www.nps.gov/webcams-romo/fre.jpg,https://www.nps.gov/media/webcam/view.htm?id=81B46856-1DD8-B71B-0B8636427EFFC938&r=/romo/learn/photosmultimedia/webcams.htm,Active,"Fall River Entrance is located just west of the Town of Estes Park on U.S. Highway 34. This view is looking east from the entrance station, depicting the flow of vehicles entering the park."
rocky-mountain-webcam,National Park Service,Grand Lake Entrance/ U.S. Hwy 34,image,https://www.nps.gov/webcams-romo/Grand_Lake_Entrance.jpg,https://www.nps.gov/media/webcam/view.htm?id=3F33B673-957B-51DD-612B99E4A9FDF417&r=/romo/learn/photosmultimedia/webcams.htm,Active,"Grand Lake Entrance is located on the west side of Rocky Mountain National Park on U.S. Highway 34/Trail Ridge Road just north of the Town of Grand Lake. This view is looking south from the entrance station, depicting the flow of vehicles entering the park."
rocky-mountain-webcam,National Park Service,Alpine Visitor Center,image,https://www.nps.gov/webcams-romo/alpine.jpeg,https://www.nps.gov/media/webcam/view.htm?id=81B4681E-1DD8-B71B-0B8311E4FAC15EF4&r=/romo/learn/photosmultimedia/webcams.htm,Inactive - seasonal/offline,"This camera looks southwest from the Alpine Visitor Center at 11,796 feet with Mount Chapin visible. A spot is preserved here for when NPS brings the webcam back online."
rocky-mountain-webcam,National Park Service,Kawuneeche Valley,image,https://www.nps.gov/webcams-romo/kawuneeche_valley.jpeg,https://www.nps.gov/media/webcam/view.htm?id=81B4682A-1DD8-B71B-0BBC127D2E00ACD9&r=/romo/learn/photosmultimedia/webcams.htm,Active,"Located on the west side of Rocky Mountain National Park, the Kawuneeche Valley is home to a variety of flora and fauna. This webcam shows views of Harbison Meadow, located 0.5-miles north of the Grand Lake Entrance. Enjoy views of the Never Summer Mountains in the distance."
rocky-mountain-webcam,National Park Service,Longs Peak,image,https://www.nps.gov/webcams-romo/longs_peak.jpg,https://www.nps.gov/media/webcam/view.htm?id=81B46847-1DD8-B71B-0B46D032F33B54DF&r=/romo/learn/photosmultimedia/webcams.htm,Active,"Longs Peak towers over all other peaks in Rocky Mountain National Park at an elevation of 14,259 feet above sea level. It is a challenging mountain to climb under the best conditions. This webcam shows views of Longs Peak as seen from the Tahosa Valley."
shenandoah-webcam,National Park Service,Big Meadows,image,https://www.nps.gov/webcams-shen/bvc2.jpg,https://home.nps.gov/shen/learn/photosmultimedia/bm_webcam.htm,Active,Big Meadows webcam image updated every 15 minutes.
shenandoah-webcam,National Park Service,Mountain View Cam,image,https://phenocam.nau.edu/data/latest/shenandoah.jpg,https://home.nps.gov/shen/learn/photosmultimedia/view_webcam.htm,Active,A view from the Pinnacles area into the valley toward Luray.
theodore-roosevelt-webcam,NPS AirWebCams,Theodore Roosevelt National Park,image,https://www.nps.gov/featurecontent/ard/webcams/images/thro.jpg,https://www.nps.gov/subjects/air/webcams.htm?site=thro,Current image: 05/01/2026 12:30 PM MDT,Current image from the NPS Air Quality Web Camera Network.
wrangell-st-elias-webcam,National Park Service,Kennecott Mill and Mt. Blackburn,page,https://www.nps.gov/media/webcam/view.htm?id=51F606E1-BAF1-472B-2BC7D21ED4CDA08E,https://www.nps.gov/media/webcam/view.htm?id=51F606E1-BAF1-472B-2BC7D21ED4CDA08E,Active live NPS webcam page,
wrangell-st-elias-webcam,National Park Service,Kennicott Glacier and the Chugach Range,page,https://www.nps.gov/media/webcam/view.htm?id=5224B014-CBDE-5E14-DEF34EBF65E78E88,https://www.nps.gov/media/webcam/view.htm?id=5224B014-CBDE-5E14-DEF34EBF65E78E88,Active live NPS webcam page,
wrangell-st-elias-webcam,National Park Service,Wrangell Mountains from Park Headquarters,page,https://www.nps.gov/media/webcam/view.htm?id=F91F11B2-C421-28C4-16C717FF1FF2CB72,https://www.nps.gov/media/webcam/view.htm?id=F91F11B2-C421-28C4-16C717FF1FF2CB72,Active live NPS webcam page,
yellowstone-webcam,National Park Service,East Entrance - Into Park,image,https://www.nps.gov/webcams-yell/east_in.jpg,https://www.nps.gov/media/webcam/view.htm?id=E3772256-9585-4859-A1FD-FC47F15F7226&r=/yell/learn/photosmultimedia/webcams.htm,Active,This webcam is at the East Entrance to the park. It shows current conditions leading in to the park.
yellowstone-webcam,National Park Service,East Entrance - Out of Park,image,https://www.nps.gov/webcams-yell/east_out.jpg,https://www.nps.gov/media/webcam/view.htm?id=45FDA0AC-0A10-4ACA-A0C6-44F440575AE1&r=/yell/learn/photosmultimedia/webcams.htm,Active,This webcam is at the East Entrance to the park. It shows current conditions leading out of the park.
yellowstone-webcam,National Park Service,Mammoth Hot Springs - Travertine Terraces,image,https://www.nps.gov/webcams-yell/mammoth_parade.jpg,https://www.nps.gov/media/webcam/view.htm?id=696F20E1-F421-B232-FE72D6D85B157422&r=/yell/learn/photosmultimedia/webcams.htm,Active,"Yellowstone is a place of change, and this view highlights a place where change is constant and evident—the travertine terraces of Mammoth Hot Springs. Terraces form when water rises through limestone, which then allows the water to carry high amounts of dissolved calcium carbonate. At the surface, carbon dioxide is released and the calcium carbonate is deposited, forming travertine, the chalky white rock of the terraces. In the foreground are the parade grounds for historic Fort Yellowstone—the focal point of daily life at the fort."
yellowstone-webcam,National Park Service,Mount Washburn - Northeastern View,image,https://www.nps.gov/webcams-yell/washburn_ne.jpg,https://www.nps.gov/media/webcam/view.htm?id=81B46891-1DD8-B71B-0B6575944D4DECD5&r=/yell/learn/photosmultimedia/webcams.htm,Active,"At 10,219 feet, Mount Washburn towers above Dunraven Pass between Tower Junction and Canyon Village. A fire lookout stationed at the summit provides a popular destination for day hikers, as well as housing for an employee who watches for and tracks fires throughout the summer. This webcam is located inside the living quarters on the top floor and looks out to the northeast."
yellowstone-webcam,National Park Service,Mount Washburn - Southern View,image,https://www.nps.gov/webcams-yell/washburn_sw.jpg,https://www.nps.gov/media/webcam/view.htm?id=81B4689E-1DD8-B71B-0B8741319EA29FD3&r=/yell/learn/photosmultimedia/webcams.htm,Active,"This webcam atop Mount Washburn captures a south-facing view of the north-central part of the park. During summer, the webcam is often re-positioned by the fire lookout, and smoke from wildfires burning in the park may be visible."
yellowstone-webcam,National Park Service,North Entrance - Electric Peak,image,https://www.nps.gov/webcams-yell/mammoth_electric.jpg,https://www.nps.gov/media/webcam/view.htm?id=81B468AB-1DD8-B71B-0BE84D8E8E0F1112&r=/yell/learn/photosmultimedia/webcams.htm,Active,"Morning views from this webcam are spectacular, especially during the winter when the morning sun touches Electric Peak."
yellowstone-webcam,National Park Service,North Entrance - Out of the Park,image,https://www.nps.gov/webcams-yell/mammoth_arch.jpg,https://www.nps.gov/media/webcam/view.htm?id=81B468BC-1DD8-B71B-0BBA4C383E179188&r=/yell/learn/photosmultimedia/webcams.htm,Active,"This webcam is on the park's North Entrance at Gardiner, Montana. It shows current conditions at the entrance with Roosevelt Arch in the background."
yellowstone-webcam,National Park Service,West Entrance - Into the Park,image,https://www.nps.gov/webcams-yell/west_into.jpg,https://www.nps.gov/media/webcam/view.htm?id=81B468D6-1DD8-B71B-0B9C2E324EF5F9F8&r=/yell/learn/photosmultimedia/webcams.htm,Active,"This webcam is at the West Entrance to the park at West Yellowstone, Montana. It shows current conditions leading into the park."
yellowstone-webcam,National Park Service,West Entrance - Out of the Park,image,https://www.nps.gov/webcams-yell/west_gate.jpg,https://www.nps.gov/media/webcam/view.htm?id=81B468C8-1DD8-B71B-0BFE5983E4D2E421&r=/yell/learn/photosmultimedia/webcams.htm,Active,"This webcam is on the West Entrance to the park at West Yellowstone, Montana. It shows current conditions at the entrance gate."
yosemite-webcam,National Park Service,Badger Pass Ski Area,image,https://pixelcaster.com/aramark/yosemite-ski.jpg,https://www.nps.gov/media/webcam/view.htm?id=81B46503-1DD8-B71B-0BABF33689031F0B&r=/yose/learn/photosmultimedia/webcams.htm,Active,Yosemite Hospitality operates a webcam at the Badger Pass Ski Area so you can check current conditions and activity.
yosemite-webcam,National Park Service,El Capitan,page,https://www.nps.gov/media/webcam/view.htm?id=B28D5845-C504-BBA5-17748BFF1C6CC716,https://www.nps.gov/media/webcam/view.htm?id=B28D5845-C504-BBA5-17748BFF1C6CC716,Active live NPS webcam page,Official NPS webcam page. Direct source is not exposed in the static HTML.
yosemite-webcam,National Park Service,Yosemite High Sierra,page,https://www.nps.gov/media/webcam/view.htm?id=1148077C-F06F-CD3A-969692F6BC0481AC,https://www.nps.gov/media/webcam/view.htm?id=1148077C-F06F-CD3A-969692F6BC0481AC,Active live NPS webcam page,Official NPS webcam page. Direct source is not exposed in the static HTML.
yosemite-webcam,National Park Service,Half Dome,page,https://www.nps.gov/media/webcam/view.htm?id=EAA24FCD-BC0D-C360-19BF30B462D0ACE8,https://www.nps.gov/media/webcam/view.htm?id=EAA24FCD-BC0D-C360-19BF30B462D0ACE8,Active live NPS webcam page,Official NPS webcam page. Direct source is not exposed in the static HTML.
yosemite-webcam,National Park Service,Yosemite Falls,page,https://www.nps.gov/media/webcam/view.htm?id=3E81EC42-BB62-0A59-E30ABB8F1646322E,https://www.nps.gov/media/webcam/view.htm?id=3E81EC42-BB62-0A59-E30ABB8F1646322E,Active live NPS webcam page,Official NPS webcam page. Direct source is not exposed in the static HTML.
yosemite-webcam,National Park Service,Merced River at Happy Isles,image,https://usgs-nims-images.s3.amazonaws.com/overlay/CA_Merced_River_at_Happy_Isles_Bridge_Yosemite/CA_Merced_River_at_Happy_Isles_Bridge_Yosemite_newest.jpg,https://www.nps.gov/media/webcam/view.htm?id=81B46521-1DD8-B71B-0BB6424139EC91BE&r=/yose/learn/photosmultimedia/webcams.htm,Active,"From here, you can see the Merced River as it flows past Yosemite Valley's Happy Isles Gaging Station, which the US Geological Survey has maintained for over 100 years."
yosemite-webcam,NPS AirWebCams,Yosemite National Park,image,https://www.nps.gov/featurecontent/ard/webcams/images/yose.jpg,https://www.nps.gov/subjects/air/webcams.htm?site=yose,Current image: 05/01/2026 11:30 AM PDT,Current image from the NPS Air Quality Web Camera Network.
channel-islands-webcam,Explore.org,Fraser Point Bald Eagle Nest,iframe,https://www.youtube.com/embed/OY4V_AppZ6s?rel=0&showinfo=0&autoplay=1,https://explore.org/livecams/bald-eagles/fraser-point-bald-eagle,Active live NPS/Explore stream,Fraser Point bald eagle nest camera on Santa Cruz Island powered by Explore.org.
colorado-national-monument-webcam,National Park Service,Visitor Center,image,https://www.nps.gov/webcams-colm/image.jpg,https://www.nps.gov/media/webcam/view.htm?id=81B46AB6-1DD8-B71B-0B12AA5101C4657E&r=%2Fcolm%2Flearn%2Fphotosmultimedia%2Fwebcams.htm,Active,"View from the Saddlehorn Visitor Center on Rim Rock Drive, looking across Wedding and Monument canyons toward the Grand Mesa."
dinosaur-national-monument-webcam,National Park Service,Split Mountain,image,https://www.nps.gov/webcams-dino/quarrycamera.jpg,https://www.nps.gov/media/webcam/view.htm?id=81B46AC7-1DD8-B71B-0B3C3482E2AE8259&r=%2Fdino%2Flearn%2Fphotosmultimedia%2Fwebcams.htm,Active,"View from the Quarry Exhibit Hall toward the highly eroded Split Mountain and exposed tilted rock layers."
dinosaur-national-monument-webcam,NPS AirWebCams,Current Air Quality,image,https://www.nps.gov/featurecontent/ard/webcams/images/dinolarge.jpg,https://www.nps.gov/subjects/air/webcams.htm?site=dino,Current image,View from near the Quarry Entrance looking southwest across Dinosaur National Monument.
florissant-fossil-beds-national-monument-webcam,National Park Service,Florissant Valley,image,https://www.nps.gov/webcams-flfo/valley2.jpg,https://www.nps.gov/media/webcam/view.htm?id=81B46A0D-1DD8-B71B-0B72FB1B0E64468B&r=%2Fflfo%2Flearn%2Fphotosmultimedia%2Fwebcams.htm,Active,"View of the Florissant Valley looking north from near the visitor center."
grand-canyon-parashant-national-monument-webcam,National Park Service,Black Rock Mountain,image,https://assets1.webcam.io/w/Pdkmm9/latest.jpg,https://www.nps.gov/media/webcam/view.htm?id=69116D06-B892-562A-F35DCEAFFB9DFD11&r=%2Fpara%2Fwebcams-para.htm,Active,"Elevation: 7,213 feet. View looking south across the Paiute Wilderness."
grand-canyon-parashant-national-monument-webcam,National Park Service,Black Rock Mountain Dark Sky,image,https://assets1.webcam.io/w/P1j5xz/latest.jpg,https://www.nps.gov/media/webcam/view.htm?id=7B4F541F-F03F-8B85-C7BD1521C07D3EB6&r=%2Fpara%2Fwebcams-para.htm,Active,"Elevation: 7,213 feet. Dark sky view looking south across the Paiute Wilderness."
grand-canyon-parashant-national-monument-webcam,National Park Service,Hudson Point,image,https://assets1.webcam.io/w/z7ylb9/latest.jpg,https://www.nps.gov/media/webcam/view.htm?id=E1289F04-DC4B-2D46-34C4643DBE4F12F7&r=%2Fpara%2Fwebcams-para.htm,Active,"Elevation: 6,724 feet. View looking west across the Grand Wash Cliffs Wilderness."
grand-canyon-parashant-national-monument-webcam,National Park Service,Mount Dellenbaugh North Vista,image,https://assets1.webcam.io/w/9j7LpP/latest.jpg,https://www.nps.gov/media/webcam/view.htm?id=F876014B-9751-49D7-B2B3-4F8BD7A835A6&r=%2Fpara%2Fwebcams-para.htm,Active,"Elevation: 6,995 feet. North vista from Mount Dellenbaugh."
grand-canyon-parashant-national-monument-webcam,National Park Service,Mount Dellenbaugh South Vista,image,https://assets1.webcam.io/w/z5GBD9/latest.jpg,https://www.nps.gov/media/webcam/view.htm?id=0D47E508-AD19-F94E-7974C2ED636128EC&r=%2Fpara%2Fwebcams-para.htm,Active,"Elevation: 6,995 feet. South vista from Mount Dellenbaugh."
grand-canyon-parashant-national-monument-webcam,National Park Service,Mount Logan Overlook,image,https://assets1.webcam.io/w/zgxwWM/latest.jpg,https://www.nps.gov/media/webcam/view.htm?id=5BF0679E-0BF3-3D61-848C1BA6E51BF522&r=%2Fpara%2Fwebcams-para.htm,Active,"Elevation: 7,835 feet. View from Mount Logan Overlook."
grand-canyon-parashant-national-monument-webcam,National Park Service,Mount Logan Dark Sky,image,https://assets1.webcam.io/w/z821p9/latest.jpg,https://www.nps.gov/media/webcam/view.htm?id=928DD0E8-7C60-4F01-BA02-9D05E50B712A&r=%2Fpara%2Fwebcams-para.htm,Active,"Elevation: 7,835 feet. Dark sky view from Mount Logan."
grand-canyon-parashant-national-monument-webcam,National Park Service,Pakoon Springs,image,https://assets1.webcam.io/w/zN147P/latest.jpg,https://www.nps.gov/media/webcam/view.htm?id=74C2298D-D6D5-391C-982B17195C6074DF&r=%2Fpara%2Fwebcams-para.htm,Active,"Elevation: 2,290 feet. View of the Pakoon Basin looking west."
grand-canyon-parashant-national-monument-webcam,National Park Service,Pakoon Springs Stream View,image,https://assets1.webcam.io/w/9GYQEz/latest.jpg,https://www.nps.gov/media/webcam/view.htm?id=FE3DBEC4-99CF-EBDE-A451BAF159132256&r=%2Fpara%2Fwebcams-para.htm,Active,"Elevation: 2,290 feet. Closeup stream view with opportunities to observe bats, frogs, and other wildlife."
grand-canyon-parashant-national-monument-webcam,National Park Service,Tassi Springs,image,https://assets1.webcam.io/w/PqW00M/latest.jpg,https://www.nps.gov/media/webcam/view.htm?id=A68867F6-C2BA-0DD5-2F2CD4862827795D&r=%2Fpara%2Fwebcams-para.htm,Active,"Elevation: 1,535 feet. View from Tassi Springs."
grand-canyon-parashant-national-monument-webcam,National Park Service,Tassi Ranch,image,https://www.nps.gov/common/uploads/webcam/secondary/82EDB0A9-B74B-1BD9-C5CF41F2A5CB733F.jpg,https://www.nps.gov/media/webcam/view.htm?id=2781CDD5-8DBC-4B14-A167-7005FC2C5FE0&r=%2Fpara%2Fwebcams-para.htm,Active,Camera view looks north toward Tassi Ranch.
grand-canyon-parashant-national-monument-webcam,National Park Service,Twin Point Dark Sky,image,https://assets1.webcam.io/w/MEavVM/latest.jpg,https://www.nps.gov/media/webcam/view.htm?id=B804BA34-C707-230C-498E4BDC8876E713&r=%2Fpara%2Fwebcams-para.htm,Active,"Elevation: 5,702 feet. Dark sky view from Twin Point."
grand-canyon-parashant-national-monument-webcam,National Park Service,Twin Point West,image,https://assets1.webcam.io/w/Mp6wGP/latest.jpg,https://www.nps.gov/media/webcam/view.htm?id=064576F8-A4E1-2516-FD317F810FA9751F&r=%2Fpara%2Fwebcams-para.htm,Active,"Elevation: 5,702 feet. West-facing view from Twin Point."
grand-canyon-parashant-national-monument-webcam,National Park Service,Whitney Pass,image,https://assets1.webcam.io/w/zNJqbz/latest.jpg,https://www.nps.gov/media/webcam/view.htm?id=F6F774DF-D4CA-E1DF-564AF52F1DDB25ED&r=%2Fpara%2Fwebcams-para.htm,Active,"Elevation: 4,146 feet. View from Whitney Pass."
john-day-fossil-beds-national-monument-webcam,National Park Service,Sheep Rock Unit,image,https://www.nps.gov/webcams-joda/SheepRock.jpg,https://www.nps.gov/media/webcam/view.htm?id=756EE950-D99D-C5C1-B1C41856E53E6672&r=%2Fjoda%2Flearn%2Fphotosmultimedia%2Fwebcams.htm,Active,"Sheep Rock rises over 1,000 feet above the valley floor across the John Day River from the Thomas Condon Visitor Center. Camera elevation is approximately 2,100 feet."
john-day-fossil-beds-national-monument-webcam,National Park Service,Painted Hills Unit: Carroll Rim,image,https://www.nps.gov/webcams-joda/PaintedHills.jpg,https://www.nps.gov/media/webcam/view.htm?id=4BC3A7AF-C4DB-8BD8-30708A8A456E516F&r=%2Fjoda%2Flearn%2Fphotosmultimedia%2Fwebcams.htm,Active,"View toward Carroll Rim in the Painted Hills Unit, useful for checking weather near the Painted Hills."
john-day-fossil-beds-national-monument-webcam,National Park Service,Paleo Lab Web Cam,inactive,https://www.nps.gov/media/webcam/view.htm?id=45AD9B89-D8D0-3AFA-98EC2B8B5639BEF3&r=%2Fjoda%2Flearn%2Fphotosmultimedia%2Fwebcams.htm,https://www.nps.gov/media/webcam/view.htm?id=45AD9B89-D8D0-3AFA-98EC2B8B5639BEF3&r=%2Fjoda%2Flearn%2Fphotosmultimedia%2Fwebcams.htm,Temporarily unavailable,"The Paleo Lab webcam views the fossil preparation workspace where fossil preparators remove rock from fossils for display and research."
zion-webcam,National Park Service,Temples And Towers of the Virgin,image,https://www.nps.gov/webcams-zion/camera2.jpg,https://www.nps.gov/media/webcam/view.htm?id=A4068FB2-DB05-82B5-F242852BBAA0A971&r=/zion/learn/photosmultimedia/webcams.htm,Active,"This webcam is located at park headquarters in Zion Canyon and shows one of the park's most famous views, The Temples and Towers of the Virgin."
channel-islands-webcam,YouTube,Channel Islands Live Stream,iframe,https://www.youtube.com/embed/aT1adgYSfbc,https://www.youtube.com/live/aT1adgYSfbc?si=7izJGs-l2_a7rd-b,Active live YouTube stream,Added from provided YouTube live link.
